<?xml version="1.0" ?>

<feature-pack xmlns="urn:jboss:galleon:feature-pack:2.0" location="org.jboss.galleon.demo:postgresql@galleon1:1#1.0">
    <dependencies>
        <dependency location="wildfly@maven(org.jboss.universe:community-universe):current/snapshot">
            <default-configs inherit="false"/>
            <packages inherit="false"/>
        </dependency>
    </dependencies>
    <config model="standalone" name="standalone.xml"/>
    <default-packages>
        <package name="org.postgresql"/>
    </default-packages>
</feature-pack>